country_id,date_id,plastic_production,ocean_pollution_share,recycled_share,incinerated_share,mismanaged_share,landfilled_share,mismanaged_per_capita,risk_score
1,1,,0.0986413680601771,0.4899162842130613,,0.4090249217453569,,0.1505212969412556,14.327665471462296
2,1,,0.0019727769399169,0.4899162842130613,,0.4090249217453569,,0.3486597209178848,14.42369030618447
3,1,,0.0072784754228645,0.4899162842130613,,0.4090249217453569,,0.255437662957529,12.771477086295258
4,1,,0.0003145098064982,0.5727319907600565,1.1592599,0.4267488368102102,60.10561,0.0860119365778343,8.807964320522359
5,1,,0.0010840818980761,0.4899162842130613,,0.4090249217453569,,0.1070669338279716,9.556286762712574
6,1,,2.521126062561526e-06,0.4899162842130613,,0.4090249217453569,,0.0929492966967162,9.23067158920692
7,1,,0.0052149381422419,0.4899162842130613,,0.4090249217453569,,0.1496003667932844,10.57218967178546
8,1,,1.0,0.4899162842130613,,0.4090249217453569,,0.1246457182778108,49.86449917578632
9,1,,0.0003145098064982,0.4367132847365677,18.513683,0.5027617312111885,39.38922,0.0860119365778343,12.448538212786596
10,1,,4.033793057437045e-05,0.4899162842130613,,0.4090249217453569,,0.002966686429366,7.432532056040388
11,1,,2.521121123897871e-05,0.4899162842130613,,0.4090249217453569,,0.0817637545080769,9.007868348841187
12,1,,0.0,0.4899162842130613,,0.4090249217453569,,0.009104297985714,7.553670769944374
13,1,,0.0310602068879717,0.4899162842130613,,0.4090249217453569,,0.0901324317456932,10.416641720662826
14,1,,5.672521911437252e-05,0.4899162842130613,,0.4090249217453569,,0.0436695518551086,8.247244856096842
15,1,,4.285905663693198e-05,0.4899162842130613,,0.4090249217453569,,0.0028083573801396,7.429466320098363
16,1,,0.0004714495736196,0.4899162842130613,,0.4090249217453569,,0.222055009604477,11.831542985264418
17,1,,0.0020660584066851,0.4899162842130613,,0.4090249217453569,,0.1625001895931005,10.70423093835951
18,1,,7.56336584102544e-06,0.4899162842130613,,0.4090249217453569,,0.2420523106872769,12.212933558609274
19,1,,0.0476479204495901,0.4899162842130613,,0.4090249217453569,,0.2246733279468497,13.770968187150697
20,1,,0.0001689150881385,0.4899162842130613,,0.4090249217453569,,0.0229515261998152,7.837371937751938
21,1,,8.823922698976635e-06,0.4899162842130613,,0.4090249217453569,,0.0063666525417116,7.499270817972286
22,1,,0.0,0.4899162842130613,,0.4090249217453569,,0.2245844463390919,11.863273737011932
23,1,,0.0014030036597506,0.4899162842130613,,0.4090249217453569,,0.215913188283139,11.745968722282898
24,1,,0.0134514394316811,0.4899162842130613,,0.4090249217453569,,0.3217437651426156,14.344517690349653
25,1,,0.0003000133594185,0.4899162842130613,,0.4090249217453569,,0.0090308580187462,7.564202504981759
26,1,,0.0,0.4899162842130613,,0.4090249217453569,,0.0932852792124301,9.237290394478697
27,1,,0.0004059004318062,0.4899162842130613,,0.4090249217453569,,0.0233149773047746,7.854120373597836
28,1,,0.0891304402685514,0.9398530790200594,23.762764,0.3913010066805037,36.384026,0.1230931049766066,8.367579120488706
29,1,,0.0005433015120693,0.4899162842130613,,0.4090249217453569,,0.0243817312123272,7.880951494959415
30,1,,0.0,0.4899162842130613,,0.4090249217453569,,1.0,27.371584810230097
31,1,,0.0008521387941869,0.4899162842130613,,0.4090249217453569,,0.1745122995599273,10.895916353196116
32,1,,0.0005672521541037,0.4899162842130613,,0.4090249217453569,,0.0163500502123763,7.7212759006417695
33,1,,0.006030520688775,0.4899162842130613,,0.4090249217453569,,0.1630861039633893,10.87452771704888
34,1,,0.0002823655140205,0.4899162842130613,,0.4090249217453569,,0.061070784099885,8.604295112788618
35,1,,3.78168292051272e-06,0.4899162842130613,,0.4090249217453569,,0.0100033175868144,7.571802429283203
36,1,,0.0005294353495919,0.4899162842130613,,0.4090249217453569,,0.2269961525334408,11.93268527488259
37,1,,1.134504876153816e-05,0.4899162842130613,,0.4090249217453569,,0.0009328867212471,7.390696346605498
38,1,,5.042239778463915e-06,0.4899162842130613,,0.4090249217453569,,0.1519271714904565,10.410329929630365
39,1,,6.680969867130036e-05,0.4899162842130613,,0.4090249217453569,,0.2161470080913385,11.697197360003717
40,1,,0.0079112767187816,0.4899162842130613,,0.4090249217453569,,0.2598638494633691,12.885312868248745
41,1,,0.0027190286617161,0.4899162842130613,,0.4090249217453569,,0.0860119365778343,9.200584688255429
42,1,,0.0009013006474602,0.4899162842130613,,0.4090249217453569,,0.1918156259611855,11.243949355352214
43,1,,0.0014319965539101,0.4899162842130613,,0.4090249217453569,,0.0900453958464243,9.229772589314983
44,1,,0.0031148446139654,0.4899162842130613,,0.4090249217453569,,0.2056718625579301,11.609615845947316
45,1,,0.0010185327562628,0.4899162842130613,,0.4090249217453569,,0.0483139086252313,8.378604292985234
46,1,,0.0005105269349893,0.4899162842130613,,0.4090249217453569,,0.0997170564160227,9.386347015950122
47,1,,6.050690203488525e-05,0.4899162842130613,,0.4090249217453569,,0.345877519468769,14.29155547568687
48,1,,1.5126719335391744e-05,0.4899162842130613,,0.4090249217453569,,0.0064702728584514,7.501595336172538
49,1,,0.0073515879305189,0.8927335511029248,37.74739,0.0352182735188166,44.200645,0.0226936414608202,-7.122850959027588
50,1,,0.000460104524858,0.4899162842130613,,0.4090249217453569,,0.0623207573709293,8.636404138643003
51,1,,0.0,0.4899162842130613,,0.4090249217453569,,0.006776692274564,7.507118655721373
52,1,,0.000296231676498,0.4899162842130613,,0.4090249217453569,,0.00609685950808,7.505371267451615
53,1,,8.823922698976635e-06,0.4899162842130613,,0.4090249217453569,,0.0061897648009117,7.495733063156288
54,1,,0.0005609493574673,0.4899162842130613,,0.4090249217453569,,0.039622697378846,8.186476732105707
55,1,,0.0005306959064498,0.4899162842130613,,0.4090249217453569,,0.2149815510953612,11.692443668395311
56,1,,3.78168292051272e-06,0.4899162842130613,,0.4090249217453569,,0.0010658117691853,7.393052312930622
57,1,,0.0001689150881385,0.4899162842130613,,0.4090249217453569,,0.0086897952695739,7.552137319147112
58,1,,0.0052754450442768,0.4899162842130613,,0.4090249217453569,,0.2458885632952413,12.500373877905991
59,1,,0.0002722810344636,0.4899162842130613,,0.4090249217453569,,0.0061503409043381,7.505482869695403
60,1,,0.00016387284836,0.4899162842130613,,0.4090249217453569,,0.1742598744934215,10.863337214032928
61,1,,5.042239778463915e-06,0.4899162842130613,,0.4090249217453569,,0.0057871115847722,7.487528731516677
62,1,,0.0090029219826989,0.4899162842130613,,0.4090249217453569,,0.2544411194838367,12.820524079214785
63,1,,0.0029585351314464,0.4899162842130613,,0.4090249217453569,,0.1666706542458592,10.823339300405136
64,1,,0.00031135840818,0.4899162842130613,,0.4090249217453569,,0.153216863408086,10.448376414719016
65,1,,0.0015706581910312,0.4899162842130613,,0.4090249217453569,,0.5064023947101223,17.56245903207379
66,1,,0.0087344226311557,0.4899162842130613,,0.4090249217453569,,0.3039076538914282,13.79911479330489
67,1,,0.0030707250004705,0.4899162842130613,,0.4090249217453569,,0.2154595698999018,11.803605208246957
68,1,,0.0001411827631836,0.4899162842130613,,0.4090249217453569,,0.0111448624000866,7.600129368759171
69,1,,0.0,0.4899162842130613,,0.4090249217453569,,0.0063686955366303,7.498958720962701
70,1,,0.1594772709037637,1.0,4.1608157,0.710380499657122,36.29173,0.1367638948900886,20.425783723665983
71,1,,0.0710111458772715,0.4899162842130613,,0.4090249217453569,,0.0437749960858981,11.087530567038916
72,1,,0.0011697999990034,0.4899162842130613,,0.4090249217453569,,0.0860119365778343,9.138615541746915
73,1,,8.445754406925363e-05,0.4899162842130613,,0.4090249217453569,,0.1799279009595766,10.973521131184397
74,1,,0.0001449644337574,0.4899162842130613,,0.4090249217453569,,0.0078432863993854,7.534249115568102
75,1,,4.159848743232165e-05,0.4899162842130613,,0.4090249217453569,,0.0101942075715617,7.577132901158621
76,1,,0.0005218719837509,0.4899162842130613,,0.4090249217453569,,0.0091798840216322,7.576057370012775
77,1,,0.0029421478429064,0.4899162842130613,,0.4090249217453569,,0.2423571713046682,12.336414150039715
78,1,,0.0023131282299098,0.4899162842130613,,0.4090249217453569,,0.0040073972047058,7.544257883520607
79,1,,1.2605568579511942e-06,0.4899162842130613,,0.4090249217453569,,0.1771484867531148,10.91460496756671
80,1,,1.6387288540002076e-05,0.4899162842130613,,0.4090249217453569,,0.0420239908949843,8.21272011967138
81,1,,0.0003264851275154,0.4899162842130613,,0.4090249217453569,,0.0792905602878184,8.970455421087081
82,1,,0.0,0.4899162842130613,,0.4090249217453569,,0.0089824589850401,7.551233989930897
83,1,,8.823922698976635e-06,0.4899162842130613,,0.4090249217453569,,0.0089883126837296,7.551704020812647
84,1,,1.134504876153816e-05,0.4899162842130613,,0.4090249217453569,,0.0071650750960305,7.515340114101166
85,1,,0.0008622232737438,0.4899162842130613,,0.4090249217453569,,0.0977866193036002,9.361806127251851
86,1,,0.0,0.4899162842130613,,0.4090249217453569,,0.2057010596260368,11.485606002750831
87,1,,0.0033253581895363,0.4899162842130613,,0.4090249217453569,,0.1163116425250535,9.83083198831262
88,1,,0.0011080325401105,0.4899162842130613,,0.4090249217453569,,0.4001705360442066,15.41931683271865
89,1,,8.823922698976635e-06,0.4899162842130613,,0.4090249217453569,,0.0053659630032123,7.4792570272023005
90,1,,0.0004298510738406,0.4899162842130613,,0.4090249217453569,,0.0860119365778343,9.109017584740403
91,1,,0.0009769342688305,0.4899162842130613,,0.4090249217453569,,0.0134296971498264,7.679256123979841
92,1,,0.0921444400499076,0.4899162842130613,,0.4090249217453569,,0.3666759529243356,18.39088147071311
93,1,,0.0,0.4899162842130613,,0.4090249217453569,,0.0015863858924658,7.403312528079412
94,1,,0.0,0.4899162842130613,,0.4090249217453569,,0.008428861812196,7.540162046474014
95,1,,0.0,0.4899162842130613,,0.4090249217453569,,0.0038621006979272,7.448826824188639
96,1,,2.77323249548811e-05,0.4899162842130613,,0.4090249217453569,,0.0052790184823453,7.478274472875195
97,1,,0.0001600911654395,0.4899162842130613,,0.4090249217453569,,0.0660603986387572,8.699196429622818
98,1,,0.0,0.4899162842130613,,0.4090249217453569,,0.0033477609927005,7.438540030084104
99,1,,0.0044270879330104,0.4899162842130613,,0.4090249217453569,,0.0485179184452699,8.519026696455908
100,1,,4.664072721078556e-05,0.4899162842130613,,0.4090249217453569,,0.0860119365778343,9.09368917087521
101,1,,0.0003145098064982,0.1084268238768639,0.6075314,0.6035234625222857,54.14757,0.0860119365778343,18.754254760716552
102,1,,0.0,0.4899162842130613,,0.4090249217453569,,0.0018052046240368,7.407688902710831
103,1,,0.0,0.4899162842130613,,0.4090249217453569,,0.0003273917231595,7.378132644693284
104,1,,0.0022690086164149,0.4899162842130613,,0.4090249217453569,,0.1165111597415069,9.792568349716833
105,1,,0.003206865511529,0.4899162842130613,,0.4090249217453569,,0.2057712618887805,11.615284668466868
106,1,,0.003206865511529,0.4899162842130613,,0.4090249217453569,,0.1155985512859038,9.811830456409334
107,1,,2.521126062561526e-06,0.4899162842130613,,0.4090249217453569,,0.1204207856527877,9.780101368328353
108,1,,0.0003416118591975,0.4899162842130613,,0.4090249217453569,,0.0127782358090354,7.640814000778703
109,1,,8.571810092720482e-05,0.4899162842130613,,0.4090249217453569,,0.0051160514181853,7.477334562630888
110,1,,0.0018467209084153,0.4899162842130613,,0.4090249217453569,,0.2435959305526512,12.317372257619732
111,1,,0.0234968448126773,0.4899162842130613,,0.4090249217453569,,0.1394741393435719,11.100941389608623
112,1,,0.0555491126888149,0.4899162842130613,,0.4090249217453569,,0.0755971646048469,11.10549260987963
113,1,,6.302801575078763e-05,0.4899162842130613,,0.4090249217453569,,0.0001413560146041,7.376933051152208
114,1,,0.0,0.4899162842130613,,0.4090249217453569,,0.0039564764033184,7.450714338296463
115,1,,0.0045770946065464,0.2693400088871701,11.508256,0.0533199712269954,74.86611,0.0465746172477492,0.020775177155002
116,1,,1.2605568579511942e-06,0.4899162842130613,,0.4090249217453569,,0.0035782816406727,7.443200865317865
117,1,,0.0011004691866161,0.4899162842130613,,0.4090249217453569,,0.0894022098902126,9.203647775498991
118,1,,8.823922698976635e-06,0.4899162842130613,,0.4090249217453569,,0.0926691614463681,9.225320996065417
119,1,,0.0001487461166779,0.4899162842130613,,0.4090249217453569,,0.0061097011082219,7.499728677061651
120,1,,0.0066015545257992,0.4899162842130613,,0.4090249217453569,,0.1230801506064251,10.097250003390563
121,1,,0.0038560540959861,0.4899162842130613,,0.4090249217453569,,0.1959095990370539,11.44401895481062
122,1,,0.0003264851275154,0.4899162842130613,,0.4090249217453569,,0.0620497815250228,8.62563984583117
123,1,,0.449227150506274,0.4899162842130613,,0.4090249217453569,,0.5355568878471224,36.05180858742351
124,1,,3.6556247653857735e-05,0.4899162842130613,,0.4090249217453569,,0.0053236444022937,7.479519948182123
125,1,,9.580258048413263e-05,0.4899162842130613,,0.4090249217453569,,0.0053319748987522,7.482056411424503
126,1,,8.949978384771753e-05,0.4899162842130613,,0.4090249217453569,,0.0063027773845284,7.50122034927457
127,1,,0.0,0.4899162842130613,,0.4090249217453569,,0.0077430071773883,7.52644495377786
128,1,,0.0,0.4899162842130613,,0.4090249217453569,,0.0037312735985435,7.446210282200965
129,1,,0.0001008448326092,0.4899162842130613,,0.4090249217453569,,0.0387099624723374,8.149817852981212
130,1,,0.0006832237060483,0.4899162842130613,,0.4090249217453569,,0.0357979793807948,8.114873346087926
131,1,,1.2605568579511942e-06,0.4899162842130613,,0.4090249217453569,,0.0262895460419804,7.8974261533440195
132,1,,0.0005659915972457,0.4899162842130613,,0.4090249217453569,,0.336100472412856,14.116233922377043
133,1,,0.0,0.4899162842130613,,0.4090249217453569,,0.0860119365778343,9.09182354178678
134,1,,0.0001021053894672,0.4899162842130613,,0.4090249217453569,,0.1600187505436352,10.576044036681488
135,1,,0.0,0.4899162842130613,,0.4090249217453569,,0.1268769449502147,9.909123709234388
136,1,,9.706314968874298e-05,0.4899162842130613,,0.4090249217453569,,0.1383988060369937,10.143443456957518
137,1,,3.78168292051272e-06,0.4899162842130613,,0.4090249217453569,,0.0029732852389368,7.431201782325651
138,1,,0.0002130347016333,0.4899162842130613,,0.4090249217453569,,0.057924152335317,8.53858924500177
139,1,,0.0,0.4899162842130613,,0.4090249217453569,,0.0048050626935697,7.467686064101489
140,1,,0.0045682706838474,0.4899162842130613,,0.4090249217453569,,0.1679556450381885,10.91342853834776
141,1,,0.0002067318926503,0.4899162842130613,,0.4090249217453569,,0.0060780491231002,7.501415068398111
142,1,,0.0,0.4899162842130613,,0.4090249217453569,,0.0860119365778343,9.09182354178678
143,1,,0.0,0.4899162842130613,,0.4090249217453569,,0.0044925110415173,7.46143503106044
144,1,,1.386616247744055e-05,0.4899162842130613,,0.4090249217453569,,0.0058009853062636,7.488159162854463
145,1,,0.0001260560315015,0.4899162842130613,,0.4090249217453569,,0.0755398383817751,8.887423819125658
146,1,,2.521126062561526e-06,0.4899162842130613,,0.4090249217453569,,0.0,7.371685655272596
147,1,,0.005377550433744,0.4899162842130613,,0.4090249217453569,,0.1740078420145392,11.06684366787064
148,1,,0.068070258591223,0.4899162842130613,,0.4090249217453569,,0.0860119365778343,11.814633885435702
149,1,,0.0004878368498129,0.4899162842130613,,0.4090249217453569,,0.0033747045589374,7.458592375401361
150,1,,0.000296231676498,0.4899162842130613,,0.4090249217453569,,0.0062246575544263,7.507927228378541
151,1,,0.0121694495636536,0.4899162842130613,,0.4090249217453569,,0.1048425997369178,9.955214787514596
152,1,,0.0003145098064982,0.1391249868558073,0.5053036,1.0,30.167952,0.0860119365778343,30.341569255258538
153,1,,0.0001336193973426,0.4899162842130613,,0.4090249217453569,,0.2625978391670994,12.628886369465784
154,1,,0.0021139597031005,0.4899162842130613,,0.4090249217453569,,0.5677901866264933,18.811946930883984
155,1,,4.538017035283437e-05,0.4899162842130613,,0.4090249217453569,,0.006060062769328,7.494601272430767
156,1,,5.54646499097622e-05,0.4899162842130613,,0.4090249217453569,,0.0003839365975991,7.381482128178465
157,1,,0.0006693575435709,0.4899162842130613,,0.4090249217453569,,0.0045003737559402,7.488366587091737
158,1,,0.0072923415976886,0.4899162842130613,,0.4090249217453569,,0.4256437150406823,16.176152774951287
159,1,,0.0287483392149197,0.4899162842130613,,0.4090249217453569,,0.2813063088889437,14.14764455660576
160,1,,0.0005496043087057,0.4899162842130613,,0.4090249217453569,,0.2167317303129887,11.7282035888381
161,1,,0.0,0.4899162842130613,,0.4090249217453569,,0.0920851238434426,9.213287287098945
162,1,,0.0044838131397781,0.4899162842130613,,0.4090249217453569,,0.7541979541697008,22.63489641921524
163,1,,0.0008672655135222,0.4899162842130613,,0.4090249217453569,,0.3561153559258193,14.52858254928737
164,1,,0.0180625691721655,0.4899162842130613,,0.4090249217453569,,0.2855226053055412,13.80453968322754
165,1,,0.0010828213412182,0.4899162842130613,,0.4090249217453569,,0.1287235424365792,9.989368512610408
166,1,,1.764784539795327e-05,0.4899162842130613,,0.4090249217453569,,0.0075210965413572,7.522712654873157
167,1,,0.0008861739281248,0.4899162842130613,,0.4090249217453569,,0.0063333894655999,7.533699556667087
168,1,,0.0030644221914875,0.0,19.078592,0.0,72.880005,0.0116538454636983,0.3556537969334671
169,1,,0.0012580392259931,0.4899162842130613,,0.4090249217453569,,0.3848279700421389,15.118465780112595
170,1,,0.0075482353436123,0.4899162842130613,,0.4090249217453569,,0.3386847830861235,14.447209885697058
171,1,,0.0355742734787673,0.4899162842130613,,0.4090249217453569,,0.1659157525542928,12.112870800466643
172,1,,4.790129641539589e-05,0.4899162842130613,,0.4090249217453569,,0.1016499676936184,9.40650021595908
173,1,459746020.0,0.0003145098064982,0.5431192836895551,19.048033,0.3147446096116415,49.205143,0.1151700342849278,6.327126529412183
174,1,,0.0003176612048164,0.4899162842130613,,0.4090249217453569,,0.1438762774047072,10.2618168065169
175,1,,0.0,0.4899162842130613,,0.4090249217453569,,0.5155352284933207,17.68228938009651
