entity,year,plastic_production,ocean_pollution_share,code,recycled_share,incinerated_share,mismanaged_share,landfilled_share,mismanaged_per_capita,risk_score,risk_category
Africa,2019,,0.09864136806017715,UNKNOWN,0.4899162842130613,,0.40902492174535693,,0.15052129694125566,14.327665471462295,Low
Albania,2019,,0.0019727769399169575,ALB,0.4899162842130613,,0.40902492174535693,,0.34865972091788483,14.42369030618447,Low
Algeria,2019,,0.00727847542286459,DZA,0.4899162842130613,,0.40902492174535693,,0.25543766295752907,12.771477086295258,Low
Americas (excl. USA),2019,,0.0003145098064982921,UNKNOWN,0.5727319907600565,1.1592599,0.4267488368102102,60.10561,0.08601193657783439,8.807964320522359,Low
Angola,2019,,0.0010840818980761976,AGO,0.4899162842130613,,0.40902492174535693,,0.10706693382797164,9.556286762712574,Low
Antigua and Barbuda,2019,,2.521126062561526e-06,ATG,0.4899162842130613,,0.40902492174535693,,0.0929492966967162,9.23067158920692,Low
Argentina,2019,,0.005214938142241963,ARG,0.4899162842130613,,0.40902492174535693,,0.1496003667932844,10.572189671785459,Low
Asia,2019,,1.0,UNKNOWN,0.4899162842130613,,0.40902492174535693,,0.12464571827781082,49.864499175786314,Medium
Asia (excl. China and India),2019,,0.0003145098064982921,UNKNOWN,0.4367132847365677,18.513683,0.5027617312111885,39.38922,0.08601193657783439,12.448538212786595,Low
Australia,2019,,4.0337930574370454e-05,AUS,0.4899162842130613,,0.40902492174535693,,0.0029666864293660267,7.432532056040388,Low
Bahamas,2019,,2.521121123897871e-05,BHS,0.4899162842130613,,0.40902492174535693,,0.0817637545080769,9.007868348841189,Low
Bahrain,2019,,0.0,BHR,0.4899162842130613,,0.40902492174535693,,0.009104297985714077,7.553670769944374,Low
Bangladesh,2019,,0.031060206887971707,BGD,0.4899162842130613,,0.40902492174535693,,0.0901324317456932,10.416641720662826,Low
Barbados,2019,,5.672521911437252e-05,BRB,0.4899162842130613,,0.40902492174535693,,0.043669551855108645,8.247244856096842,Low
Belgium,2019,,4.285905663693198e-05,BEL,0.4899162842130613,,0.40902492174535693,,0.0028083573801396186,7.429466320098363,Low
Belize,2019,,0.0004714495736196152,BLZ,0.4899162842130613,,0.40902492174535693,,0.22205500960447702,11.831542985264418,Low
Benin,2019,,0.002066058406685188,BEN,0.4899162842130613,,0.40902492174535693,,0.1625001895931005,10.70423093835951,Low
Bosnia and Herzegovina,2019,,7.56336584102544e-06,BIH,0.4899162842130613,,0.40902492174535693,,0.24205231068727695,12.212933558609274,Low
Brazil,2019,,0.04764792044959017,BRA,0.4899162842130613,,0.40902492174535693,,0.22467332794684974,13.770968187150695,Low
Brunei,2019,,0.00016891508813850727,BRN,0.4899162842130613,,0.40902492174535693,,0.022951526199815293,7.837371937751938,Low
Bulgaria,2019,,8.823922698976635e-06,BGR,0.4899162842130613,,0.40902492174535693,,0.006366652541711633,7.499270817972286,Low
Burkina Faso,2019,,0.0,BFA,0.4899162842130613,,0.40902492174535693,,0.22458444633909191,11.863273737011932,Low
Cambodia,2019,,0.0014030036597506485,KHM,0.4899162842130613,,0.40902492174535693,,0.215913188283139,11.745968722282898,Low
Cameroon,2019,,0.013451439431681176,CMR,0.4899162842130613,,0.40902492174535693,,0.3217437651426156,14.344517690349653,Low
Canada,2019,,0.00030001335941854643,CAN,0.4899162842130613,,0.40902492174535693,,0.009030858018746216,7.564202504981759,Low
Cape Verde,2019,,0.0,CPV,0.4899162842130613,,0.40902492174535693,,0.09328527921243011,9.237290394478695,Low
Chile,2019,,0.00040590043180626604,CHL,0.4899162842130613,,0.40902492174535693,,0.023314977304774692,7.854120373597836,Low
China,2019,,0.08913044026855142,CHN,0.9398530790200594,23.762764,0.3913010066805037,36.384026,0.12309310497660667,8.367579120488706,Low
Colombia,2019,,0.0005433015120693795,COL,0.4899162842130613,,0.40902492174535693,,0.02438173121232728,7.880951494959415,Low
Comoros,2019,,0.0,COM,0.4899162842130613,,0.40902492174535693,,1.0,27.371584810230097,Low
Congo,2019,,0.0008521387941869026,COG,0.4899162842130613,,0.40902492174535693,,0.1745122995599273,10.895916353196117,Low
Costa Rica,2019,,0.0005672521541037479,CRI,0.4899162842130613,,0.40902492174535693,,0.016350050212376375,7.7212759006417695,Low
Cote d'Ivoire,2019,,0.006030520688775008,CIV,0.4899162842130613,,0.40902492174535693,,0.1630861039633893,10.874527717048881,Low
Croatia,2019,,0.0002823655140205932,HRV,0.4899162842130613,,0.40902492174535693,,0.06107078409988506,8.604295112788618,Low
Cyprus,2019,,3.78168292051272e-06,CYP,0.4899162842130613,,0.40902492174535693,,0.010003317586814423,7.571802429283203,Low
Democratic Republic of Congo,2019,,0.0005294353495919389,COD,0.4899162842130613,,0.40902492174535693,,0.22699615253344088,11.93268527488259,Low
Denmark,2019,,1.134504876153816e-05,DNK,0.4899162842130613,,0.40902492174535693,,0.0009328867212471103,7.390696346605498,Low
Djibouti,2019,,5.042239778463915e-06,DJI,0.4899162842130613,,0.40902492174535693,,0.15192717149045654,10.410329929630363,Low
Dominica,2019,,6.680969867130036e-05,DMA,0.4899162842130613,,0.40902492174535693,,0.21614700809133855,11.697197360003717,Low
Dominican Republic,2019,,0.007911276718781687,DOM,0.4899162842130613,,0.40902492174535693,,0.2598638494633691,12.885312868248743,Low
EU-27,2019,,0.0027190286617161407,UNKNOWN,0.4899162842130613,,0.40902492174535693,,0.08601193657783439,9.200584688255429,Low
East Timor,2019,,0.0009013006474602498,TLS,0.4899162842130613,,0.40902492174535693,,0.1918156259611855,11.243949355352214,Low
Ecuador,2019,,0.0014319965539101398,ECU,0.4899162842130613,,0.40902492174535693,,0.09004539584642439,9.229772589314985,Low
Egypt,2019,,0.003114844613965479,EGY,0.4899162842130613,,0.40902492174535693,,0.20567186255793019,11.609615845947316,Low
El Salvador,2019,,0.0010185327562628483,SLV,0.4899162842130613,,0.40902492174535693,,0.048313908625231314,8.378604292985234,Low
Equatorial Guinea,2019,,0.0005105269349893754,GNQ,0.4899162842130613,,0.40902492174535693,,0.09971705641602274,9.386347015950122,Low
Eritrea,2019,,6.050690203488525e-05,ERI,0.4899162842130613,,0.40902492174535693,,0.34587751946876905,14.29155547568687,Low
Estonia,2019,,1.5126719335391744e-05,EST,0.4899162842130613,,0.40902492174535693,,0.0064702728584514445,7.501595336172538,Low
Europe,2019,,0.0073515879305189645,UNKNOWN,0.8927335511029248,37.74739,0.0352182735188166,44.200645,0.02269364146082027,-7.122850959027588,Low
Fiji,2019,,0.0004601045248580771,FJI,0.4899162842130613,,0.40902492174535693,,0.06232075737092932,8.636404138643003,Low
Finland,2019,,0.0,FIN,0.4899162842130613,,0.40902492174535693,,0.006776692274564021,7.507118655721373,Low
France,2019,,0.00029623167649803374,FRA,0.4899162842130613,,0.40902492174535693,,0.006096859508080004,7.505371267451615,Low
French Guiana,2019,,8.823922698976635e-06,GUF,0.4899162842130613,,0.40902492174535693,,0.006189764800911789,7.495733063156288,Low
Gabon,2019,,0.0005609493574673328,GAB,0.4899162842130613,,0.40902492174535693,,0.03962269737884608,8.186476732105707,Low
Gambia,2019,,0.0005306959064498902,GMB,0.4899162842130613,,0.40902492174535693,,0.2149815510953612,11.692443668395313,Low
Georgia,2019,,3.78168292051272e-06,GEO,0.4899162842130613,,0.40902492174535693,,0.0010658117691853509,7.393052312930622,Low
Germany,2019,,0.00016891508813850727,DEU,0.4899162842130613,,0.40902492174535693,,0.00868979526957394,7.552137319147112,Low
Ghana,2019,,0.005275445044276848,GHA,0.4899162842130613,,0.40902492174535693,,0.2458885632952413,12.500373877905993,Low
Greece,2019,,0.00027228103446366535,GRC,0.4899162842130613,,0.40902492174535693,,0.006150340904338123,7.505482869695403,Low
Grenada,2019,,0.00016387284836004334,GRD,0.4899162842130613,,0.40902492174535693,,0.17425987449342156,10.863337214032928,Low
Guadeloupe,2019,,5.042239778463915e-06,GLP,0.4899162842130613,,0.40902492174535693,,0.005787111584772252,7.487528731516677,Low
Guatemala,2019,,0.00900292198269891,GTM,0.4899162842130613,,0.40902492174535693,,0.2544411194838367,12.820524079214785,Low
Guinea,2019,,0.002958535131446461,GIN,0.4899162842130613,,0.40902492174535693,,0.1666706542458592,10.823339300405136,Low
Guinea-Bissau,2019,,0.0003113584081800846,GNB,0.4899162842130613,,0.40902492174535693,,0.15321686340808602,10.448376414719016,Low
Guyana,2019,,0.0015706581910312043,GUY,0.4899162842130613,,0.40902492174535693,,0.5064023947101223,17.56245903207379,Low
Haiti,2019,,0.008734422631155756,HTI,0.4899162842130613,,0.40902492174535693,,0.30390765389142826,13.79911479330489,Low
Honduras,2019,,0.0030707250004705956,HND,0.4899162842130613,,0.40902492174535693,,0.21545956989990186,11.803605208246957,Low
Hong Kong,2019,,0.00014118276318362616,HKG,0.4899162842130613,,0.40902492174535693,,0.011144862400086613,7.600129368759171,Low
Iceland,2019,,0.0,ISL,0.4899162842130613,,0.40902492174535693,,0.006368695536630371,7.498958720962701,Low
India,2019,,0.15947727090376376,IND,1.0,4.1608157,0.710380499657122,36.29173,0.13676389489008864,20.425783723665983,Low
Indonesia,2019,,0.07101114587727153,IDN,0.4899162842130613,,0.40902492174535693,,0.04377499608589815,11.087530567038916,Low
Iran,2019,,0.0011697999990034024,IRN,0.4899162842130613,,0.40902492174535693,,0.08601193657783439,9.138615541746917,Low
Iraq,2019,,8.445754406925363e-05,IRQ,0.4899162842130613,,0.40902492174535693,,0.17992790095957667,10.973521131184397,Low
Ireland,2019,,0.00014496443375747975,IRL,0.4899162842130613,,0.40902492174535693,,0.00784328639938547,7.534249115568102,Low
Israel,2019,,4.159848743232165e-05,ISR,0.4899162842130613,,0.40902492174535693,,0.010194207571561769,7.577132901158621,Low
Italy,2019,,0.0005218719837509136,ITA,0.4899162842130613,,0.40902492174535693,,0.009179884021632242,7.576057370012775,Low
Jamaica,2019,,0.002942147842906459,JAM,0.4899162842130613,,0.40902492174535693,,0.24235717130466825,12.336414150039717,Low
Japan,2019,,0.002313128229909875,JPN,0.4899162842130613,,0.40902492174535693,,0.004007397204705898,7.544257883520607,Low
Jordan,2019,,1.2605568579511942e-06,JOR,0.4899162842130613,,0.40902492174535693,,0.17714848675311487,10.91460496756671,Low
Kazakhstan,2019,,1.6387288540002076e-05,KAZ,0.4899162842130613,,0.40902492174535693,,0.04202399089498435,8.21272011967138,Low
Kenya,2019,,0.0003264851275154763,KEN,0.4899162842130613,,0.40902492174535693,,0.07929056028781842,8.970455421087081,Low
Kiribati,2019,,0.0,KIR,0.4899162842130613,,0.40902492174535693,,0.008982458985040194,7.551233989930897,Low
Kuwait,2019,,8.823922698976635e-06,KWT,0.4899162842130613,,0.40902492174535693,,0.008988312683729691,7.551704020812647,Low
Latvia,2019,,1.134504876153816e-05,LVA,0.4899162842130613,,0.40902492174535693,,0.00716507509603053,7.515340114101166,Low
Lebanon,2019,,0.0008622232737438304,LBN,0.4899162842130613,,0.40902492174535693,,0.09778661930360029,9.361806127251851,Low
Lesotho,2019,,0.0,LSO,0.4899162842130613,,0.40902492174535693,,0.20570105962603688,11.485606002750831,Low
Liberia,2019,,0.0033253581895363077,LBR,0.4899162842130613,,0.40902492174535693,,0.11631164252505356,9.83083198831262,Low
Libya,2019,,0.0011080325401105658,LBY,0.4899162842130613,,0.40902492174535693,,0.4001705360442066,15.41931683271865,Low
Lithuania,2019,,8.823922698976635e-06,LTU,0.4899162842130613,,0.40902492174535693,,0.005365963003212375,7.4792570272023005,Low
Macau,2019,,0.00042985107384063443,UNKNOWN,0.4899162842130613,,0.40902492174535693,,0.08601193657783439,9.109017584740405,Low
Madagascar,2019,,0.0009769342688305267,MDG,0.4899162842130613,,0.40902492174535693,,0.013429697149826416,7.679256123979841,Low
Malaysia,2019,,0.09214444004990766,MYS,0.4899162842130613,,0.40902492174535693,,0.3666759529243356,18.39088147071311,Low
Maldives,2019,,0.0,MDV,0.4899162842130613,,0.40902492174535693,,0.0015863858924658873,7.403312528079412,Low
Malta,2019,,0.0,MLT,0.4899162842130613,,0.40902492174535693,,0.008428861812196013,7.540162046474014,Low
Marshall Islands,2019,,0.0,MHL,0.4899162842130613,,0.40902492174535693,,0.003862100697927242,7.448826824188639,Low
Martinique,2019,,2.77323249548811e-05,MTQ,0.4899162842130613,,0.40902492174535693,,0.005279018482345306,7.478274472875195,Low
Mauritania,2019,,0.00016009116543953063,MRT,0.4899162842130613,,0.40902492174535693,,0.06606039863875722,8.699196429622818,Low
Mauritius,2019,,0.0,MUS,0.4899162842130613,,0.40902492174535693,,0.003347760992700526,7.438540030084104,Low
Mexico,2019,,0.0044270879330104585,MEX,0.4899162842130613,,0.40902492174535693,,0.0485179184452699,8.519026696455908,Low
Micronesia,2019,,4.664072721078556e-05,UNKNOWN,0.4899162842130613,,0.40902492174535693,,0.08601193657783439,9.09368917087521,Low
Middle East & North Africa,2019,,0.0003145098064982921,UNKNOWN,0.10842682387686398,0.6075314,0.6035234625222857,54.14757,0.08601193657783439,18.754254760716552,Low
Monaco,2019,,0.0,MCO,0.4899162842130613,,0.40902492174535693,,0.0018052046240368978,7.407688902710831,Low
Montenegro,2019,,0.0,MNE,0.4899162842130613,,0.40902492174535693,,0.00032739172315956084,7.3781326446932844,Low
Morocco,2019,,0.0022690086164149914,MAR,0.4899162842130613,,0.40902492174535693,,0.11651115974150698,9.792568349716833,Low
Mozambique,2019,,0.003206865511529099,MOZ,0.4899162842130613,,0.40902492174535693,,0.20577126188878056,11.615284668466868,Low
Myanmar,2019,,0.003206865511529099,MMR,0.4899162842130613,,0.40902492174535693,,0.11559855128590381,9.811830456409334,Low
Namibia,2019,,2.521126062561526e-06,NAM,0.4899162842130613,,0.40902492174535693,,0.12042078565278777,9.780101368328351,Low
Netherlands,2019,,0.0003416118591975272,NLD,0.4899162842130613,,0.40902492174535693,,0.012778235809035473,7.640814000778703,Low
New Zealand,2019,,8.571810092720482e-05,NZL,0.4899162842130613,,0.40902492174535693,,0.005116051418185363,7.4773345626308885,Low
Nicaragua,2019,,0.0018467209084153822,NIC,0.4899162842130613,,0.40902492174535693,,0.24359593055265122,12.317372257619732,Low
Nigeria,2019,,0.023496844812677303,NGA,0.4899162842130613,,0.40902492174535693,,0.13947413934357197,11.100941389608623,Low
North America,2019,,0.055549112688814926,UNKNOWN,0.4899162842130613,,0.40902492174535693,,0.07559716460484699,11.10549260987963,Low
North Korea,2019,,6.302801575078763e-05,PRK,0.4899162842130613,,0.40902492174535693,,0.0001413560146041601,7.376933051152208,Low
Norway,2019,,0.0,NOR,0.4899162842130613,,0.40902492174535693,,0.003956476403318468,7.450714338296463,Low
Oceania,2019,,0.004577094606546402,UNKNOWN,0.26934000888717013,11.508256,0.05331997122699541,74.86611,0.04657461724774927,0.020775177155002086,Low
Oman,2019,,1.2605568579511942e-06,OMN,0.4899162842130613,,0.40902492174535693,,0.0035782816406727176,7.443200865317865,Low
Pakistan,2019,,0.0011004691866161995,PAK,0.4899162842130613,,0.40902492174535693,,0.08940220989021264,9.203647775498993,Low
Palau,2019,,8.823922698976635e-06,PLW,0.4899162842130613,,0.40902492174535693,,0.09266916144636818,9.225320996065417,Low
Palestine,2019,,0.00014874611667799246,PSE,0.4899162842130613,,0.40902492174535693,,0.006109701108221968,7.499728677061651,Low
Panama,2019,,0.006601554525799269,PAN,0.4899162842130613,,0.40902492174535693,,0.12308015060642513,10.097250003390565,Low
Papua New Guinea,2019,,0.003856054095986198,PNG,0.4899162842130613,,0.40902492174535693,,0.19590959903705396,11.44401895481062,Low
Peru,2019,,0.0003264851275154763,PER,0.4899162842130613,,0.40902492174535693,,0.062049781525022836,8.62563984583117,Low
Philippines,2019,,0.44922715050627404,PHL,0.4899162842130613,,0.40902492174535693,,0.5355568878471224,36.05180858742351,Low
Poland,2019,,3.6556247653857735e-05,POL,0.4899162842130613,,0.40902492174535693,,0.005323644402293756,7.479519948182123,Low
Portugal,2019,,9.580258048413265e-05,PRT,0.4899162842130613,,0.40902492174535693,,0.0053319748987522165,7.482056411424503,Low
Puerto Rico,2019,,8.949978384771753e-05,PRI,0.4899162842130613,,0.40902492174535693,,0.006302777384528448,7.50122034927457,Low
Qatar,2019,,0.0,QAT,0.4899162842130613,,0.40902492174535693,,0.007743007177388305,7.52644495377786,Low
Reunion,2019,,0.0,REU,0.4899162842130613,,0.40902492174535693,,0.0037312735985435496,7.446210282200965,Low
Romania,2019,,0.0001008448326092557,ROU,0.4899162842130613,,0.40902492174535693,,0.03870996247233746,8.149817852981212,Low
Russia,2019,,0.0006832237060483954,RUS,0.4899162842130613,,0.40902492174535693,,0.03579797938079483,8.114873346087926,Low
Saint Kitts and Nevis,2019,,1.2605568579511942e-06,KNA,0.4899162842130613,,0.40902492174535693,,0.026289546041980416,7.8974261533440195,Low
Saint Lucia,2019,,0.0005659915972457967,LCA,0.4899162842130613,,0.40902492174535693,,0.33610047241285607,14.116233922377045,Low
Saint Martin,2019,,0.0,UNKNOWN,0.4899162842130613,,0.40902492174535693,,0.08601193657783439,9.09182354178678,Low
Saint Vincent and the Grenadines,2019,,0.0001021053894672069,VCT,0.4899162842130613,,0.40902492174535693,,0.1600187505436352,10.576044036681488,Low
Samoa,2019,,0.0,WSM,0.4899162842130613,,0.40902492174535693,,0.12687694495021476,9.909123709234388,Low
Sao Tome and Principe,2019,,9.706314968874298e-05,STP,0.4899162842130613,,0.40902492174535693,,0.1383988060369937,10.143443456957518,Low
Saudi Arabia,2019,,3.78168292051272e-06,SAU,0.4899162842130613,,0.40902492174535693,,0.002973285238936881,7.431201782325651,Low
Senegal,2019,,0.0002130347016333904,SEN,0.4899162842130613,,0.40902492174535693,,0.05792415233531709,8.53858924500177,Low
Seychelles,2019,,0.0,SYC,0.4899162842130613,,0.40902492174535693,,0.004805062693569784,7.467686064101489,Low
Sierra Leone,2019,,0.004568270683847426,SLE,0.4899162842130613,,0.40902492174535693,,0.16795564503818855,10.91342853834776,Low
Singapore,2019,,0.00020673189265031617,SGP,0.4899162842130613,,0.40902492174535693,,0.00607804912310025,7.501415068398111,Low
Sint Maarten,2019,,0.0,UNKNOWN,0.4899162842130613,,0.40902492174535693,,0.08601193657783439,9.09182354178678,Low
Slovakia,2019,,0.0,SVK,0.4899162842130613,,0.40902492174535693,,0.004492511041517304,7.46143503106044,Low
Slovenia,2019,,1.386616247744055e-05,SVN,0.4899162842130613,,0.40902492174535693,,0.005800985306263648,7.488159162854463,Low
Solomon Islands,2019,,0.00012605603150157526,SLB,0.4899162842130613,,0.40902492174535693,,0.07553983838177514,8.887423819125658,Low
Somalia,2019,,2.521126062561526e-06,SOM,0.4899162842130613,,0.40902492174535693,,0.0,7.371685655272596,Low
South Africa,2019,,0.0053775504337440555,ZAF,0.4899162842130613,,0.40902492174535693,,0.1740078420145392,11.066843667870641,Low
South America,2019,,0.06807025859122301,UNKNOWN,0.4899162842130613,,0.40902492174535693,,0.08601193657783439,11.814633885435702,Low
South Korea,2019,,0.0004878368498129582,KOR,0.4899162842130613,,0.40902492174535693,,0.0033747045589374897,7.458592375401361,Low
Spain,2019,,0.00029623167649803374,ESP,0.4899162842130613,,0.40902492174535693,,0.006224657554426379,7.507927228378541,Low
Sri Lanka,2019,,0.012169449563653638,LKA,0.4899162842130613,,0.40902492174535693,,0.10484259973691783,9.955214787514596,Low
Sub-Saharan Africa,2019,,0.0003145098064982921,UNKNOWN,0.13912498685580732,0.5053036,0.9999999999999999,30.167952,0.08601193657783439,30.341569255258538,Low
Sudan,2019,,0.0001336193973426007,SDN,0.4899162842130613,,0.40902492174535693,,0.2625978391670994,12.628886369465784,Low
Suriname,2019,,0.0021139597031005837,SUR,0.4899162842130613,,0.40902492174535693,,0.5677901866264933,18.811946930883984,Low
Sweden,2019,,4.538017035283437e-05,SWE,0.4899162842130613,,0.40902492174535693,,0.0060600627693280455,7.494601272430767,Low
Syria,2019,,5.54646499097622e-05,SYR,0.4899162842130613,,0.40902492174535693,,0.00038393659759910576,7.381482128178465,Low
Taiwan,2019,,0.0006693575435709547,TWN,0.4899162842130613,,0.40902492174535693,,0.004500373755940256,7.488366587091737,Low
Tanzania,2019,,0.007292341597688689,TZA,0.4899162842130613,,0.40902492174535693,,0.4256437150406823,16.176152774951287,Low
Thailand,2019,,0.02874833921491978,THA,0.4899162842130613,,0.40902492174535693,,0.28130630888894376,14.14764455660576,Low
Togo,2019,,0.0005496043087057946,TGO,0.4899162842130613,,0.40902492174535693,,0.21673173031298873,11.728203588838099,Low
Tonga,2019,,0.0,TON,0.4899162842130613,,0.40902492174535693,,0.09208512384344267,9.213287287098945,Low
Trinidad and Tobago,2019,,0.004483813139778172,TTO,0.4899162842130613,,0.40902492174535693,,0.7541979541697008,22.634896419215238,Low
Tunisia,2019,,0.0008672655135222942,TUN,0.4899162842130613,,0.40902492174535693,,0.3561153559258193,14.52858254928737,Low
Turkey,2019,,0.018062569172165532,TUR,0.4899162842130613,,0.40902492174535693,,0.2855226053055412,13.80453968322754,Low
Ukraine,2019,,0.0010828213412182462,UKR,0.4899162842130613,,0.40902492174535693,,0.1287235424365792,9.989368512610408,Low
United Arab Emirates,2019,,1.764784539795327e-05,ARE,0.4899162842130613,,0.40902492174535693,,0.007521096541357242,7.522712654873157,Low
United Kingdom,2019,,0.0008861739281248579,GBR,0.4899162842130613,,0.40902492174535693,,0.006333389465599954,7.533699556667087,Low
United States,2019,,0.0030644221914875214,USA,0.0,19.078592,0.0,72.880005,0.011653845463698312,0.35565379693346716,Low
Uruguay,2019,,0.0012580392259931687,URY,0.4899162842130613,,0.40902492174535693,,0.3848279700421389,15.118465780112597,Low
Venezuela,2019,,0.007548235343612353,VEN,0.4899162842130613,,0.40902492174535693,,0.3386847830861235,14.447209885697058,Low
Vietnam,2019,,0.03557427347876732,VNM,0.4899162842130613,,0.40902492174535693,,0.16591575255429283,12.112870800466643,Low
Western Sahara,2019,,4.790129641539589e-05,ESH,0.4899162842130613,,0.40902492174535693,,0.10164996769361849,9.40650021595908,Low
World,2019,459746020.0,0.0003145098064982921,OWID_WRL,0.5431192836895551,19.048033,0.3147446096116415,49.205143,0.11517003428492788,6.327126529412183,Low
Yemen,2019,,0.0003176612048164997,YEM,0.4899162842130613,,0.40902492174535693,,0.14387627740470724,10.261816806516899,Low
Zimbabwe,2019,,0.0,ZWE,0.4899162842130613,,0.40902492174535693,,0.5155352284933207,17.68228938009651,Low
